{"cameraMode":{"drawMode":0,"name":"Shaded","section":"Shading Mode"},"sceneLighting":false,"audioPlay":false,"sceneViewState":{"m_AlwaysRefresh":false,"showFog":true,"showSkybox":false,"showFlares":true,"showImageEffects":true,"showParticleSystems":true,"showVisualEffectGraphs":true,"m_FxEnabled":true},"in2DMode":false,"pivot":{"x":22.934980392456056,"y":4.7525224685668949,"z":13.635357856750489},"rotation":{"x":-0.03453155234456062,"y":0.24240843951702119,"z":0.008637027814984322,"w":0.9695436954498291},"size":10.529407501220704,"orthographic":false}